Bin start,Bin end,Number of unique MAC addresses
1677847024.6530874,1677847084.6530874,20
1677847084.6530874,1677847144.6530874,0
1677847091.1830096,1677847151.1830096,22
1677847151.1830096,1677847211.1830096,0
1677847154.8189244,1677847214.8189244,32
1677847214.8189244,1677847274.8189244,0
1677847217.091694,1677847277.091694,18
1677847277.091694,1677847337.091694,0
1677847280.5906193,1677847340.5906193,9
1677847340.5906193,1677847400.5906193,0
1677847343.5679421,1677847403.5679421,18
1677847403.5679421,1677847463.5679421,0
1677847404.0785692,1677847464.0785692,12
1677847464.0785692,1677847524.0785692,0
1677847466.3308213,1677847526.3308213,19
1677847526.3308213,1677847586.3308213,0
1677847530.0806143,1677847590.0806143,15
1677847590.0806143,1677847650.0806143,0
1677847590.168183,1677847650.168183,39
1677847650.168183,1677847710.168183,0
1677847656.0714803,1677847716.0714803,12
1677847716.0714803,1677847776.0714803,0
1677847720.323415,1677847780.323415,10
1677847780.323415,1677847840.323415,0
1677847782.545841,1677847842.545841,18
1677847842.545841,1677847902.545841,0
1677847842.935445,1677847902.935445,8
1677847902.935445,1677847962.935445,0
1677847904.66563,1677847964.66563,13
1677847964.66563,1677848024.66563,0
1677847966.242257,1677848026.242257,10
1677848026.242257,1677848086.242257,0
1677848028.21572,1677848088.21572,18
1677848088.21572,1677848148.21572,0
1677848092.5388722,1677848152.5388722,6
1677848152.5388722,1677848212.5388722,0
1677848155.2331872,1677848215.2331872,22
1677848215.2331872,1677848275.2331872,0
1677848215.7070312,1677848275.7070312,16
1677848275.7070312,1677848335.7070312,0
1677848277.767665,1677848337.767665,30
1677848337.767665,1677848397.767665,0
1677848344.202691,1677848404.202691,47
1677848404.202691,1677848464.202691,0
1677848407.190685,1677848467.190685,24
1677848467.190685,1677848527.190685,0
1677848468.535726,1677848528.535726,20
1677848528.535726,1677848588.535726,0
1677848530.10833,1677848590.10833,21
1677848590.10833,1677848650.10833,0
1677848596.2268403,1677848656.2268403,16
1677848656.2268403,1677848716.2268403,0
1677848656.907401,1677848716.907401,24
1677848716.907401,1677848776.907401,0
1677848717.3820212,1677848777.3820212,15
1677848777.3820212,1677848837.3820212,0
1677848780.4371583,1677848840.4371583,10
1677848840.4371583,1677848900.4371583,0
1677848852.5282152,1677848912.5282152,7
1677848912.5282152,1677848972.5282152,0
1677848915.240849,1677848975.240849,16
1677848975.240849,1677849035.240849,0
1677848984.0069962,1677849044.0069962,16
1677849044.0069962,1677849104.0069962,0
1677849047.8553832,1677849107.8553832,6
1677849107.8553832,1677849167.8553832,0
1677849108.295252,1677849168.295252,28
1677849168.295252,1677849228.295252,0
1677849170.690536,1677849230.690536,39
1677849230.690536,1677849290.690536,0
1677849231.643251,1677849291.643251,39
1677849291.643251,1677849351.643251,0
1677849294.1148193,1677849354.1148193,9
1677849354.1148193,1677849414.1148193,0
1677849358.748936,1677849418.748936,10
1677849418.748936,1677849478.748936,0
1677849419.5685272,1677849479.5685272,13
1677849479.5685272,1677849539.5685272,0
1677849485.7289891,1677849545.7289891,8
1677849545.7289891,1677849605.7289891,0
1677849546.0970812,1677849606.0970812,15
1677849606.0970812,1677849666.0970812,0
1677849607.9834192,1677849667.9834192,18
1677849667.9834192,1677849727.9834192,0
1677849668.5716302,1677849728.5716302,10
1677849728.5716302,1677849788.5716302,0
1677849738.3081102,1677849798.3081102,16
1677849798.3081102,1677849858.3081102,0
1677849809.723829,1677849869.723829,13
1677849869.723829,1677849929.723829,0
1677849870.9624672,1677849930.9624672,21
1677849930.9624672,1677849990.9624672,0
1677849932.168958,1677849992.168958,18
1677849992.168958,1677850052.168958,0
1677849994.2244623,1677850054.2244623,19
1677850054.2244623,1677850114.2244623,0
1677850058.1696682,1677850118.1696682,28
1677850118.1696682,1677850178.1696682,0
1677850121.5072331,1677850181.5072331,15
1677850181.5072331,1677850241.5072331,0
1677850183.3077672,1677850243.3077672,46
1677850243.3077672,1677850303.3077672,0
1677850245.0695,1677850305.0695,22
1677850305.0695,1677850365.0695,0
1677850310.344455,1677850370.344455,2
1677850370.344455,1677850430.344455,0
1677850386.135297,1677850446.135297,6
1677850446.135297,1677850506.135297,0
1677850452.3392131,1677850512.3392131,7
1677850512.3392131,1677850572.3392131,0
1677850520.202846,1677850580.202846,17
1677850580.202846,1677850640.202846,0
1677850581.135665,1677850641.135665,11
1677850641.135665,1677850701.135665,0
1677850643.93413,1677850703.93413,9
1677850703.93413,1677850763.93413,0
1677850704.331507,1677850764.331507,16
1677850764.331507,1677850824.331507,0
1677850767.41178,1677850827.41178,35
1677850827.41178,1677850887.41178,0
1677850830.30388,1677850890.30388,12
1677850890.30388,1677850950.30388,0
1677850895.30766,1677850955.30766,17
1677850955.30766,1677851015.30766,0
1677850956.3344252,1677851016.3344252,17
1677851016.3344252,1677851076.3344252,0
1677851016.399784,1677851076.399784,33
1677851076.399784,1677851136.399784,0
1677851078.7240872,1677851138.7240872,13
1677851138.7240872,1677851198.7240872,0
1677851140.376766,1677851200.376766,10
1677851200.376766,1677851260.376766,0
1677851204.7253242,1677851264.7253242,16
1677851264.7253242,1677851324.7253242,0
1677851268.125049,1677851328.125049,7
1677851328.125049,1677851388.125049,0
1677851334.3365011,1677851394.3365011,10
1677851394.3365011,1677851454.3365011,0
1677851397.180823,1677851457.180823,10
1677851457.180823,1677851517.180823,0
1677851460.3135192,1677851520.3135192,14
1677851520.3135192,1677851580.3135192,0
1677851520.7062922,1677851580.7062922,18
1677851580.7062922,1677851640.7062922,0
1677851581.5825412,1677851641.5825412,12
1677851641.5825412,1677851701.5825412,0
1677851646.137078,1677851706.137078,3
1677851706.137078,1677851766.137078,0
1677851707.7326322,1677851767.7326322,11
1677851767.7326322,1677851827.7326322,0
1677851772.136141,1677851832.136141,15
1677851832.136141,1677851892.136141,0
1677851833.4228523,1677851893.4228523,32
1677851893.4228523,1677851953.4228523,0
1677851894.728918,1677851954.728918,24
1677851954.728918,1677852014.728918,0
1677851956.1245892,1677852016.1245892,24
1677852016.1245892,1677852076.1245892,0
1677852018.481097,1677852078.481097,18
1677852078.481097,1677852138.481097,0
1677852082.3067904,1677852142.3067904,15
1677852142.3067904,1677852202.3067904,0
1677852142.7986252,1677852202.7986252,15
1677852202.7986252,1677852262.7986252,0
1677852205.288638,1677852265.288638,20
1677852265.288638,1677852325.288638,0
1677852267.991949,1677852327.991949,17
1677852327.991949,1677852387.991949,0
1677852348.0548282,1677852408.0548282,12
1677852408.0548282,1677852468.0548282,0
1677852410.209131,1677852470.209131,18
1677852470.209131,1677852530.209131,0
1677852470.5010421,1677852530.5010421,36
1677852530.5010421,1677852590.5010421,0
1677852532.9114451,1677852592.9114451,11
1677852592.9114451,1677852652.9114451,0
1677852609.877494,1677852669.877494,16
1677852669.877494,1677852729.877494,0
1677852670.2960122,1677852730.2960122,13
1677852730.2960122,1677852790.2960122,0
1677852730.7103612,1677852790.7103612,19
1677852790.7103612,1677852850.7103612,0
1677852804.2601411,1677852864.2601411,27
1677852864.2601411,1677852924.2601411,0
1677852864.7246783,1677852924.7246783,29
1677852924.7246783,1677852984.7246783,0
1677852926.6957312,1677852986.6957312,29
1677852986.6957312,1677853046.6957312,0
1677852990.19665,1677853050.19665,17
1677853050.19665,1677853110.19665,0
1677853051.781757,1677853111.781757,23
1677853111.781757,1677853171.781757,0
1677853111.8412862,1677853171.8412862,20
1677853171.8412862,1677853231.8412862,0
1677853173.489533,1677853233.489533,19
1677853233.489533,1677853293.489533,0
1677853233.7221472,1677853293.7221472,32
1677853293.7221472,1677853353.7221472,0
1677853298.0060692,1677853358.0060692,15
1677853358.0060692,1677853418.0060692,0
1677853359.6809874,1677853419.6809874,9
1677853419.6809874,1677853479.6809874,0
1677853429.7171862,1677853489.7171862,17
1677853489.7171862,1677853549.7171862,0
1677853492.1043842,1677853552.1043842,28
1677853552.1043842,1677853612.1043842,0
1677853553.039679,1677853613.039679,15
1677853613.039679,1677853673.039679,0
1677853614.3997383,1677853674.3997383,11
1677853674.3997383,1677853734.3997383,0
1677853678.3532112,1677853738.3532112,13
1677853738.3532112,1677853798.3532112,0
1677853741.598407,1677853801.598407,19
1677853801.598407,1677853861.598407,0
1677853804.31206,1677853864.31206,22
1677853864.31206,1677853924.31206,0
1677853867.987863,1677853927.987863,23
1677853927.987863,1677853987.987863,0
1677853928.37763,1677853988.37763,36
1677853988.37763,1677854048.37763,0
1677853992.0105581,1677854052.0105581,28
1677854052.0105581,1677854112.0105581,0
1677854054.7100952,1677854114.7100952,21
1677854114.7100952,1677854174.7100952,0
1677854115.5582612,1677854175.5582612,27
1677854175.5582612,1677854235.5582612,0
1677854177.168298,1677854237.168298,21
1677854237.168298,1677854297.168298,0
1677854237.623454,1677854297.623454,16
1677854297.623454,1677854357.623454,0
1677854307.664256,1677854367.664256,12
1677854367.664256,1677854427.664256,0
1677854385.8250582,1677854445.8250582,22
1677854445.8250582,1677854505.8250582,0
1677854450.069044,1677854510.069044,16
1677854510.069044,1677854570.069044,0
1677854513.7253823,1677854573.7253823,18
1677854573.7253823,1677854633.7253823,0
1677854573.798249,1677854633.798249,19
1677854633.798249,1677854693.798249,0
1677854636.246294,1677854696.246294,63
1677854696.246294,1677854756.246294,0
1677854697.823007,1677854757.823007,45
1677854757.823007,1677854817.823007,0
1677854763.0468512,1677854823.0468512,14
1677854823.0468512,1677854883.0468512,0
1677854824.568674,1677854884.568674,11
1677854884.568674,1677854944.568674,0
1677854886.337794,1677854946.337794,15
1677854946.337794,1677855006.337794,0
1677854946.380108,1677855006.380108,15
1677855006.380108,1677855066.380108,0
1677855006.43477,1677855066.43477,40
1677855066.43477,1677855126.43477,0
1677855072.375332,1677855132.375332,15
1677855132.375332,1677855192.375332,0
1677855135.2185023,1677855195.2185023,13
1677855195.2185023,1677855255.2185023,0
1677855196.004744,1677855256.004744,15
1677855256.004744,1677855316.004744,0
1677855258.194269,1677855318.194269,15
1677855318.194269,1677855378.194269,0
1677855320.5018492,1677855380.5018492,16
1677855380.5018492,1677855440.5018492,0
1677855382.473041,1677855442.473041,12
1677855442.473041,1677855502.473041,0
1677855470.59043,1677855530.59043,18
1677855530.59043,1677855590.59043,0
1677855534.3979263,1677855594.3979263,24
1677855594.3979263,1677855654.3979263,0
1677855595.1393611,1677855655.1393611,31
1677855655.1393611,1677855715.1393611,0
1677855658.4071672,1677855718.4071672,24
1677855718.4071672,1677855778.4071672,0
1677855720.218336,1677855780.218336,44
1677855780.218336,1677855840.218336,0
1677855781.186989,1677855841.186989,22
1677855841.186989,1677855901.186989,0
1677855841.211481,1677855901.211481,14
1677855901.211481,1677855961.211481,0
1677855903.339443,1677855963.339443,35
1677855963.339443,1677856023.339443,0
1677855963.8321812,1677856023.8321812,26
1677856023.8321812,1677856083.8321812,0
1677856026.807132,1677856086.807132,20
1677856086.807132,1677856146.807132,0
1677856089.7026832,1677856149.7026832,18
1677856149.7026832,1677856209.7026832,0
1677856153.177159,1677856213.177159,29
1677856213.177159,1677856273.177159,0
1677856220.061013,1677856280.061013,31
1677856280.061013,1677856340.061013,0
1677856281.2001622,1677856341.2001622,28
1677856341.2001622,1677856401.2001622,0
1677856342.459827,1677856402.459827,21
1677856402.459827,1677856462.459827,0
1677856405.405472,1677856465.405472,24
1677856465.405472,1677856525.405472,0
1677856470.179084,1677856530.179084,18
1677856530.179084,1677856590.179084,0
1677856535.748872,1677856595.748872,57
1677856595.748872,1677856655.748872,0
1677856595.871729,1677856655.871729,50
1677856655.871729,1677856715.871729,0
1677856658.821715,1677856718.821715,9
1677856718.821715,1677856778.821715,0
1677856739.4551792,1677856799.4551792,9
1677856799.4551792,1677856859.4551792,0
1677856803.8845792,1677856863.8845792,19
1677856863.8845792,1677856923.8845792,0
1677856880.885111,1677856940.885111,22
1677856940.885111,1677857000.885111,0
1677856945.8659673,1677857005.8659673,11
1677857005.8659673,1677857065.8659673,0
1677857010.764887,1677857070.764887,14
1677857070.764887,1677857130.764887,0
1677857070.8747253,1677857130.8747253,18
1677857130.8747253,1677857190.8747253,0
1677857132.881494,1677857192.881494,14
1677857192.881494,1677857252.881494,0
1677857194.807614,1677857254.807614,20
1677857254.807614,1677857314.807614,0
1677857256.195699,1677857316.195699,18
1677857316.195699,1677857376.195699,0
1677857316.2916381,1677857376.2916381,26
1677857376.2916381,1677857436.2916381,0
1677857378.1944232,1677857438.1944232,31
1677857438.1944232,1677857498.1944232,0
1677857441.1037362,1677857501.1037362,25
1677857501.1037362,1677857561.1037362,0
1677857501.835138,1677857561.835138,29
1677857561.835138,1677857621.835138,0
1677857565.90667,1677857625.90667,81
1677857625.90667,1677857685.90667,0
1677857625.953032,1677857685.953032,14
1677857685.953032,1677857745.953032,0
1677857690.718296,1677857750.718296,15
1677857750.718296,1677857810.718296,0
1677857752.355329,1677857812.355329,17
1677857812.355329,1677857872.355329,0
1677857817.1610782,1677857877.1610782,8
1677857877.1610782,1677857937.1610782,0
1677857884.4826472,1677857944.4826472,13
1677857944.4826472,1677858004.4826472,0
1677857946.278461,1677858006.278461,9
1677858006.278461,1677858066.278461,0
1677858012.4379323,1677858072.4379323,28
1677858072.4379323,1677858132.4379323,0
1677858074.022079,1677858134.022079,33
1677858134.022079,1677858194.022079,0
1677858140.62436,1677858200.62436,7
1677858200.62436,1677858260.62436,0
1677858206.2096431,1677858266.2096431,30
1677858266.2096431,1677858326.2096431,0
1677858266.5377712,1677858326.5377712,77
1677858326.5377712,1677858386.5377712,0
1677858327.89572,1677858387.89572,24
1677858387.89572,1677858447.89572,0
1677858390.0382462,1677858450.0382462,13
1677858450.0382462,1677858510.0382462,0
1677858451.4414632,1677858511.4414632,13
1677858511.4414632,1677858571.4414632,0
1677858513.7655623,1677858573.7655623,63
1677858573.7655623,1677858633.7655623,0
1677858575.523357,1677858635.523357,11
1677858635.523357,1677858695.523357,0
1677858642.431987,1677858702.431987,16
1677858702.431987,1677858762.431987,0
1677858702.5084412,1677858762.5084412,15
1677858762.5084412,1677858822.5084412,0
1677858763.8961523,1677858823.8961523,15
1677858823.8961523,1677858883.8961523,0
1677858827.5482392,1677858887.5482392,16
1677858887.5482392,1677858947.5482392,0
1677858897.6634352,1677858957.6634352,18
1677858957.6634352,1677859017.6634352,0
1677858960.3758883,1677859020.3758883,15
1677859020.3758883,1677859080.3758883,0
1677859020.491658,1677859080.491658,14
1677859080.491658,1677859140.491658,0
1677859081.699665,1677859141.699665,21
1677859141.699665,1677859201.699665,0
1677859142.1617222,1677859202.1617222,17
1677859202.1617222,1677859262.1617222,0
1677859206.254802,1677859266.254802,8
1677859266.254802,1677859326.254802,0
1677859269.7858162,1677859329.7858162,35
1677859329.7858162,1677859389.7858162,0
1677859330.168863,1677859390.168863,31
1677859390.168863,1677859450.168863,0
1677859392.5173862,1677859452.5173862,38
1677859452.5173862,1677859512.5173862,0
1677859452.9164932,1677859512.9164932,19
1677859512.9164932,1677859572.9164932,0
1677859516.4208012,1677859576.4208012,13
1677859576.4208012,1677859636.4208012,0
1677859584.5809302,1677859644.5809302,23
1677859644.5809302,1677859704.5809302,0
1677859644.7076461,1677859704.7076461,14
1677859704.7076461,1677859764.7076461,0
1677859708.3215861,1677859768.3215861,28
1677859768.3215861,1677859828.3215861,0
1677859768.408552,1677859828.408552,23
1677859828.408552,1677859888.408552,0
1677859831.9574983,1677859891.9574983,13
1677859891.9574983,1677859951.9574983,0
1677859894.607421,1677859954.607421,12
1677859954.607421,1677860014.607421,0
1677859958.8345182,1677860018.8345182,23
1677860018.8345182,1677860078.8345182,0
1677860019.4106722,1677860079.4106722,43
1677860079.4106722,1677860139.4106722,0
1677860079.5753732,1677860139.5753732,14
1677860139.5753732,1677860199.5753732,0
1677860140.964555,1677860200.964555,17
1677860200.964555,1677860260.964555,0
1677860213.592647,1677860273.592647,9
1677860273.592647,1677860333.592647,0
1677860274.0357823,1677860334.0357823,10
1677860334.0357823,1677860394.0357823,0
1677860344.4385052,1677860404.4385052,36
1677860404.4385052,1677860464.4385052,0
1677860406.5162513,1677860466.5162513,13
1677860466.5162513,1677860526.5162513,0
1677860483.5940292,1677860543.5940292,18
1677860543.5940292,1677860603.5940292,0
1677860547.726711,1677860607.726711,24
1677860607.726711,1677860667.726711,0
1677860608.403569,1677860668.403569,15
1677860668.403569,1677860728.403569,0
1677860676.179907,1677860736.179907,5
1677860736.179907,1677860796.179907,0
1677860737.5330992,1677860797.5330992,6
1677860797.5330992,1677860857.5330992,0
1677860805.69766,1677860865.69766,24
1677860865.69766,1677860925.69766,0
1677860866.1560242,1677860926.1560242,17
1677860926.1560242,1677860986.1560242,0
1677860928.284455,1677860988.284455,28
1677860988.284455,1677861048.284455,0
1677860989.624095,1677861049.624095,25
1677861049.624095,1677861109.624095,0
1677861054.3081372,1677861114.3081372,31
1677861114.3081372,1677861174.3081372,0
1677861116.5134993,1677861176.5134993,43
1677861176.5134993,1677861236.5134993,0
1677861176.7509902,1677861236.7509902,20
1677861236.7509902,1677861296.7509902,0
1677861238.413405,1677861298.413405,21
1677861298.413405,1677861358.413405,0
1677861298.506738,1677861358.506738,19
1677861358.506738,1677861418.506738,0
1677861360.0049791,1677861420.0049791,16
1677861420.0049791,1677861480.0049791,0
1677861421.5957053,1677861481.5957053,44
1677861481.5957053,1677861541.5957053,0
1677861482.358164,1677861542.358164,10
1677861542.358164,1677861602.358164,0
1677861543.4286602,1677861603.4286602,37
1677861603.4286602,1677861663.4286602,0
1677861612.8939002,1677861672.8939002,13
1677861672.8939002,1677861732.8939002,0
1677861683.291464,1677861743.291464,17
1677861743.291464,1677861803.291464,0
1677861753.6789331,1677861813.6789331,20
1677861813.6789331,1677861873.6789331,0
1677861815.473078,1677861875.473078,34
1677861875.473078,1677861935.473078,0
1677861875.753959,1677861935.753959,20
1677861935.753959,1677861995.753959,0
1677861937.147329,1677861997.147329,30
1677861997.147329,1677862057.147329,0
1677862002.5491233,1677862062.5491233,24
1677862062.5491233,1677862122.5491233,0
1677862063.1974351,1677862123.1974351,14
1677862123.1974351,1677862183.1974351,0
1677862128.531089,1677862188.531089,10
1677862188.531089,1677862248.531089,0
1677862196.377259,1677862256.377259,17
1677862256.377259,1677862316.377259,0
1677862266.305629,1677862326.305629,13
1677862326.305629,1677862386.305629,0
1677862326.832927,1677862386.832927,34
1677862386.832927,1677862446.832927,0
1677862387.810848,1677862447.810848,18
1677862447.810848,1677862507.810848,0
1677862448.375147,1677862508.375147,6
1677862508.375147,1677862568.375147,0
1677862509.774311,1677862569.774311,5
1677862569.774311,1677862629.774311,0
1677862574.5070763,1677862634.5070763,21
1677862634.5070763,1677862694.5070763,0
1677862636.0543272,1677862696.0543272,15
1677862696.0543272,1677862756.0543272,0
1677862698.3638563,1677862758.3638563,15
1677862758.3638563,1677862818.3638563,0
1677862758.5459023,1677862818.5459023,23
1677862818.5459023,1677862878.5459023,0
1677862820.587827,1677862880.587827,16
1677862880.587827,1677862940.587827,0
1677862883.517533,1677862943.517533,40
1677862943.517533,1677863003.517533,0
1677862943.6214542,1677863003.6214542,32
1677863003.6214542,1677863063.6214542,0
1677863005.8169212,1677863065.8169212,21
1677863065.8169212,1677863125.8169212,0
1677863065.979646,1677863125.979646,30
1677863125.979646,1677863185.979646,0
1677863126.4538991,1677863186.4538991,32
1677863186.4538991,1677863246.4538991,0
1677863191.801835,1677863251.801835,17
1677863251.801835,1677863311.801835,0
1677863254.44629,1677863314.44629,13
1677863314.44629,1677863374.44629,0
1677863315.486529,1677863375.486529,21
1677863375.486529,1677863435.486529,0
1677863378.1526673,1677863438.1526673,15
1677863438.1526673,1677863498.1526673,0
1677863442.172032,1677863502.172032,26
1677863502.172032,1677863562.172032,0
1677863504.4472673,1677863564.4472673,15
1677863564.4472673,1677863624.4472673,0
1677863564.476375,1677863624.476375,21
1677863624.476375,1677863684.476375,0
1677863626.826379,1677863686.826379,26
1677863686.826379,1677863746.826379,0
1677863689.6141982,1677863749.6141982,19
1677863749.6141982,1677863809.6141982,0
1677863750.2481542,1677863810.2481542,24
1677863810.2481542,1677863870.2481542,0
1677863815.68107,1677863875.68107,10
1677863875.68107,1677863935.68107,0
1677863875.89796,1677863935.89796,6
1677863935.89796,1677863995.89796,0
1677863936.8909392,1677863996.8909392,10
1677863996.8909392,1677864056.8909392,0
1677864002.398087,1677864062.398087,8
1677864062.398087,1677864122.398087,0
1677864062.7951312,1677864122.7951312,20
1677864122.7951312,1677864182.7951312,0
1677864123.5101912,1677864183.5101912,46
1677864183.5101912,1677864243.5101912,0
1677864183.6127,1677864243.6127,18
1677864243.6127,1677864303.6127,0
1677864246.338248,1677864306.338248,14
1677864306.338248,1677864366.338248,0
1677864312.903556,1677864372.903556,11
1677864372.903556,1677864432.903556,0
1677864373.2864053,1677864433.2864053,22
1677864433.2864053,1677864493.2864053,0
1677864437.982655,1677864497.982655,14
1677864497.982655,1677864557.982655,0
1677864498.3444223,1677864558.3444223,13
1677864558.3444223,1677864618.3444223,0
1677864558.8666162,1677864618.8666162,12
1677864618.8666162,1677864678.8666162,0
1677864623.2831943,1677864683.2831943,16
1677864683.2831943,1677864743.2831943,0
1677864690.559133,1677864750.559133,7
1677864750.559133,1677864810.559133,0
1677864755.9228082,1677864815.9228082,21
1677864815.9228082,1677864875.9228082,0
1677864816.5325172,1677864876.5325172,10
1677864876.5325172,1677864936.5325172,0
1677864877.472532,1677864937.472532,23
1677864937.472532,1677864997.472532,0
1677864938.442183,1677864998.442183,36
1677864998.442183,1677865058.442183,0
1677865002.3748753,1677865062.3748753,8
1677865062.3748753,1677865122.3748753,0
1677865063.8796742,1677865123.8796742,14
1677865123.8796742,1677865183.8796742,0
1677865132.2421,1677865192.2421,8
1677865192.2421,1677865252.2421,0
1677865199.5444102,1677865259.5444102,17
1677865259.5444102,1677865319.5444102,0
1677865261.981244,1677865321.981244,14
1677865321.981244,1677865381.981244,0
1677865322.551393,1677865382.551393,29
1677865382.551393,1677865442.551393,0
1677865383.942056,1677865443.942056,16
1677865443.942056,1677865503.942056,0
1677865444.8663902,1677865504.8663902,21
1677865504.8663902,1677865564.8663902,0
1677865506.380999,1677865566.380999,17
1677865566.380999,1677865626.380999,0
1677865569.070897,1677865629.070897,15
1677865629.070897,1677865689.070897,0
1677865632.381556,1677865692.381556,8
1677865692.381556,1677865752.381556,0
1677865694.1674483,1677865754.1674483,27
1677865754.1674483,1677865814.1674483,0
1677865755.0725152,1677865815.0725152,34
1677865815.0725152,1677865875.0725152,0
1677865818.513907,1677865878.513907,19
1677865878.513907,1677865938.513907,0
1677865878.5812492,1677865938.5812492,26
1677865938.5812492,1677865998.5812492,0
1677865938.6535192,1677865998.6535192,36
1677865998.6535192,1677866058.6535192,0
1677865999.20596,1677866059.20596,7
1677866059.20596,1677866119.20596,0
1677866060.4325132,1677866120.4325132,19
1677866120.4325132,1677866180.4325132,0
1677866120.5623603,1677866180.5623603,30
1677866180.5623603,1677866240.5623603,0
1677866182.280487,1677866242.280487,35
1677866242.280487,1677866302.280487,0
1677866242.4374452,1677866302.4374452,45
1677866302.4374452,1677866362.4374452,0
1677866304.9666293,1677866364.9666293,37
1677866364.9666293,1677866424.9666293,0
1677866368.3976002,1677866428.3976002,54
1677866428.3976002,1677866488.3976002,0
1677866429.372776,1677866489.372776,29
1677866489.372776,1677866549.372776,0
1677866494.3820102,1677866554.3820102,42
1677866554.3820102,1677866614.3820102,0
1677866555.7133062,1677866615.7133062,23
1677866615.7133062,1677866675.7133062,0
1677866616.54898,1677866676.54898,7
1677866676.54898,1677866736.54898,0
1677866680.248743,1677866740.248743,26
1677866740.248743,1677866800.248743,0
1677866740.507347,1677866800.507347,19
1677866800.507347,1677866860.507347,0
1677866804.0987642,1677866864.0987642,19
1677866864.0987642,1677866924.0987642,0
1677866866.508148,1677866926.508148,7
1677866926.508148,1677866986.508148,0
1677866930.460766,1677866990.460766,9
1677866990.460766,1677867050.460766,0
1677866992.882986,1677867052.882986,30
1677867052.882986,1677867112.882986,0
1677867053.5318742,1677867113.5318742,12
1677867113.5318742,1677867173.5318742,0
1677867116.0039062,1677867176.0039062,7
1677867176.0039062,1677867236.0039062,0
1677867185.4486442,1677867245.4486442,13
1677867245.4486442,1677867305.4486442,0
1677867249.528289,1677867309.528289,12
1677867309.528289,1677867369.528289,0
1677867319.2168212,1677867379.2168212,6
1677867379.2168212,1677867439.2168212,0
1677867384.7577271,1677867444.7577271,13
1677867444.7577271,1677867504.7577271,0
1677867445.385042,1677867505.385042,19
1677867505.385042,1677867565.385042,0
1677867515.503225,1677867575.503225,11
1677867575.503225,1677867635.503225,0
1677867576.435761,1677867636.435761,10
1677867636.435761,1677867696.435761,0
1677867642.427843,1677867702.427843,16
1677867702.427843,1677867762.427843,0
1677867703.685916,1677867763.685916,6
1677867763.685916,1677867823.685916,0
1677867765.9368153,1677867825.9368153,10
1677867825.9368153,1677867885.9368153,0
1677867832.538399,1677867892.538399,10
1677867892.538399,1677867952.538399,0
1677867904.1845322,1677867964.1845322,12
1677867964.1845322,1677868024.1845322,0
1677867966.5819652,1677868026.5819652,7
1677868026.5819652,1677868086.5819652,0
1677868028.5508282,1677868088.5508282,11
1677868088.5508282,1677868148.5508282,0
1677868088.58189,1677868148.58189,18
1677868148.58189,1677868208.58189,0
1677868152.4247372,1677868212.4247372,9
1677868212.4247372,1677868272.4247372,0
1677868217.1343372,1677868277.1343372,11
1677868277.1343372,1677868337.1343372,0
1677868278.143902,1677868338.143902,9
1677868338.143902,1677868398.143902,0
1677868340.076584,1677868400.076584,16
1677868400.076584,1677868460.076584,0
1677868404.5829751,1677868464.5829751,13
1677868464.5829751,1677868524.5829751,0
1677868472.668657,1677868532.668657,9
1677868532.668657,1677868592.668657,0
1677868537.061565,1677868597.061565,5
1677868597.061565,1677868657.061565,0
1677868605.545532,1677868665.545532,6
1677868665.545532,1677868725.545532,0
1677868668.366368,1677868728.366368,12
1677868728.366368,1677868788.366368,0
1677868728.654669,1677868788.654669,4
1677868788.654669,1677868848.654669,0
1677868790.478424,1677868850.478424,7
1677868850.478424,1677868910.478424,0
1677868872.200556,1677868932.200556,8
1677868932.200556,1677868992.200556,0
1677868932.6026702,1677868992.6026702,8
1677868992.6026702,1677869052.6026702,0
1677868995.2367551,1677869055.2367551,8
1677869055.2367551,1677869115.2367551,0
1677869058.602632,1677869118.602632,14
1677869118.602632,1677869178.602632,0
1677869120.472664,1677869180.472664,23
1677869180.472664,1677869240.472664,0
1677869184.6252513,1677869244.6252513,7
1677869244.6252513,1677869304.6252513,0
1677869252.492979,1677869312.492979,11
1677869312.492979,1677869372.492979,0
1677869315.394148,1677869375.394148,13
1677869375.394148,1677869435.394148,0
1677869378.4882812,1677869438.4882812,4
1677869438.4882812,1677869498.4882812,0
1677869442.078471,1677869502.078471,13
1677869502.078471,1677869562.078471,0
1677869502.279638,1677869562.279638,12
1677869562.279638,1677869622.279638,0
1677869562.638664,1677869622.638664,14
1677869622.638664,1677869682.638664,0
1677869628.2879782,1677869688.2879782,14
1677869688.2879782,1677869748.2879782,0
1677869688.613246,1677869748.613246,7
1677869748.613246,1677869808.613246,0
1677869764.1365762,1677869824.1365762,18
1677869824.1365762,1677869884.1365762,0
1677869831.555478,1677869891.555478,12
1677869891.555478,1677869951.555478,0
1677869894.362595,1677869954.362595,5
1677869954.362595,1677870014.362595,0
1677869966.8481412,1677870026.8481412,11
1677870026.8481412,1677870086.8481412,0
1677870039.853074,1677870099.853074,17
1677870099.853074,1677870159.853074,0
1677870099.9369972,1677870159.9369972,9
1677870159.9369972,1677870219.9369972,0
1677870166.6639082,1677870226.6639082,5
1677870226.6639082,1677870286.6639082,0
1677870230.24287,1677870290.24287,8
1677870290.24287,1677870350.24287,0
1677870290.2525823,1677870350.2525823,14
1677870350.2525823,1677870410.2525823,0
1677870351.936623,1677870411.936623,9
1677870411.936623,1677870471.936623,0
1677870417.3422241,1677870477.3422241,8
1677870477.3422241,1677870537.3422241,0
1677870478.566528,1677870538.566528,10
1677870538.566528,1677870598.566528,0
1677870539.903171,1677870599.903171,15
1677870599.903171,1677870659.903171,0
1677870601.001065,1677870661.001065,24
1677870661.001065,1677870721.001065,0
1677870663.806914,1677870723.806914,28
1677870723.806914,1677870783.806914,0
1677870724.371107,1677870784.371107,9
1677870784.371107,1677870844.371107,0
1677870790.4228172,1677870850.4228172,11
1677870850.4228172,1677870910.4228172,0
1677870852.494435,1677870912.494435,11
1677870912.494435,1677870972.494435,0
1677870914.9244223,1677870974.9244223,14
1677870974.9244223,1677871034.9244223,0
1677870976.236663,1677871036.236663,11
1677871036.236663,1677871096.236663,0
1677871039.4272683,1677871099.4272683,10
1677871099.4272683,1677871159.4272683,0
1677871100.5283992,1677871160.5283992,8
1677871160.5283992,1677871220.5283992,0
1677871169.5846221,1677871229.5846221,4
1677871229.5846221,1677871289.5846221,0
1677871234.205981,1677871294.205981,8
1677871294.205981,1677871354.205981,0
1677871302.4575331,1677871362.4575331,10
1677871362.4575331,1677871422.4575331,0
1677871367.1393232,1677871427.1393232,5
1677871427.1393232,1677871487.1393232,0
1677871427.4962282,1677871487.4962282,5
1677871487.4962282,1677871547.4962282,0
1677871527.141617,1677871587.141617,3
1677871587.141617,1677871647.141617,0
1677871587.4830391,1677871647.4830391,9
1677871647.4830391,1677871707.4830391,0
1677871651.3982322,1677871711.3982322,4
1677871711.3982322,1677871771.3982322,0
1677871719.6252112,1677871779.6252112,6
1677871779.6252112,1677871839.6252112,0
1677871780.5917892,1677871840.5917892,21
1677871840.5917892,1677871900.5917892,0
1677871843.0499651,1677871903.0499651,16
1677871903.0499651,1677871963.0499651,0
1677871906.1535032,1677871966.1535032,8
1677871966.1535032,1677872026.1535032,0
1677871967.1865113,1677872027.1865113,13
1677872027.1865113,1677872087.1865113,0
1677872029.539282,1677872089.539282,15
1677872089.539282,1677872149.539282,0
1677872093.0808132,1677872153.0808132,15
1677872153.0808132,1677872213.0808132,0
1677872159.0132532,1677872219.0132532,3
1677872219.0132532,1677872279.0132532,0
1677872221.64066,1677872281.64066,9
1677872281.64066,1677872341.64066,0
1677872299.4635143,1677872359.4635143,6
1677872359.4635143,1677872419.4635143,0
1677872360.558013,1677872420.558013,11
1677872420.558013,1677872480.558013,0
1677872421.7295082,1677872481.7295082,6
1677872481.7295082,1677872541.7295082,0
1677872484.153491,1677872544.153491,21
1677872544.153491,1677872604.153491,0
1677872544.6565862,1677872604.6565862,4
1677872604.6565862,1677872664.6565862,0
1677872619.4237692,1677872679.4237692,4
1677872679.4237692,1677872739.4237692,0
1677872685.5899262,1677872745.5899262,3
1677872745.5899262,1677872805.5899262,0
1677872747.5955992,1677872807.5955992,2
1677872807.5955992,1677872867.5955992,0
1677872811.6354692,1677872871.6354692,5
1677872871.6354692,1677872931.6354692,0
1677872872.607978,1677872932.607978,2
1677872932.607978,1677872992.607978,0
1677872940.670947,1677873000.670947,5
1677873000.670947,1677873060.670947,0
1677873006.6985052,1677873066.6985052,3
1677873066.6985052,1677873126.6985052,0
1677873067.020468,1677873127.020468,4
1677873127.020468,1677873187.020468,0
1677873130.928714,1677873190.928714,4
1677873190.928714,1677873250.928714,0
1677873192.5353732,1677873252.5353732,4
1677873252.5353732,1677873312.5353732,0
1677873258.7834241,1677873318.7834241,6
1677873318.7834241,1677873378.7834241,0
1677873321.11009,1677873381.11009,19
1677873381.11009,1677873441.11009,0
1677873397.182631,1677873457.182631,8
1677873457.182631,1677873517.182631,0
1677873468.678209,1677873528.678209,7
1677873528.678209,1677873588.678209,0
1677873539.2724223,1677873599.2724223,4
1677873599.2724223,1677873659.2724223,0
1677873609.0599802,1677873669.0599802,7
1677873669.0599802,1677873729.0599802,0
1677873670.623352,1677873730.623352,17
1677873730.623352,1677873790.623352,0
1677873737.845782,1677873797.845782,8
1677873797.845782,1677873857.845782,0
1677873804.682706,1677873864.682706,7
1677873864.682706,1677873924.682706,0
1677873869.190183,1677873929.190183,6
1677873929.190183,1677873989.190183,0
1677873930.6866322,1677873990.6866322,11
1677873990.6866322,1677874050.6866322,0
1677874001.190449,1677874061.190449,6
1677874061.190449,1677874121.190449,0
1677874061.4600801,1677874121.4600801,12
1677874121.4600801,1677874181.4600801,0
1677874124.599136,1677874184.599136,5
1677874184.599136,1677874244.599136,0
1677874185.987314,1677874245.987314,5
1677874245.987314,1677874305.987314,0
1677874258.630513,1677874318.630513,6
1677874318.630513,1677874378.630513,0
1677874327.212775,1677874387.212775,7
1677874387.212775,1677874447.212775,0
1677874392.7138052,1677874452.7138052,3
1677874452.7138052,1677874512.7138052,0
1677874456.3885431,1677874516.3885431,11
1677874516.3885431,1677874576.3885431,0
1677874518.3856163,1677874578.3856163,13
1677874578.3856163,1677874638.3856163,0
1677874578.5317762,1677874638.5317762,4
1677874638.5317762,1677874698.5317762,0
1677874641.8974102,1677874701.8974102,3
1677874701.8974102,1677874761.8974102,0
1677874701.9819143,1677874761.9819143,7
1677874761.9819143,1677874821.9819143,0
1677874762.6595852,1677874822.6595852,9
1677874822.6595852,1677874882.6595852,0
1677874826.7420502,1677874886.7420502,7
1677874886.7420502,1677874946.7420502,0
1677874888.643008,1677874948.643008,4
1677874948.643008,1677875008.643008,0
1677874977.2719991,1677875037.2719991,2
1677875037.2719991,1677875097.2719991,0
1677875040.5196521,1677875100.5196521,4
1677875100.5196521,1677875160.5196521,0
1677875108.348577,1677875168.348577,8
1677875168.348577,1677875228.348577,0
1677875170.3494291,1677875230.3494291,8
1677875230.3494291,1677875290.3494291,0
1677875232.7273612,1677875292.7273612,8
1677875292.7273612,1677875352.7273612,0
1677875296.192866,1677875356.192866,9
1677875356.192866,1677875416.192866,0
1677875358.7142131,1677875418.7142131,9
1677875418.7142131,1677875478.7142131,0
1677875438.8616133,1677875498.8616133,3
1677875498.8616133,1677875558.8616133,0
1677875499.3104322,1677875559.3104322,4
1677875559.3104322,1677875619.3104322,0
1677875560.8079293,1677875620.8079293,6
1677875620.8079293,1677875680.8079293,0
1677875622.942398,1677875682.942398,2
1677875682.942398,1677875742.942398,0
1677875691.8748782,1677875751.8748782,6
1677875751.8748782,1677875811.8748782,0
1677875768.3897753,1677875828.3897753,13
1677875828.3897753,1677875888.3897753,0
1677875830.0125802,1677875890.0125802,10
1677875890.0125802,1677875950.0125802,0
1677875901.140233,1677875961.140233,9
1677875961.140233,1677876021.140233,0
1677875961.908531,1677876021.908531,19
1677876021.908531,1677876081.908531,0
1677876022.6599472,1677876082.6599472,3
1677876082.6599472,1677876142.6599472,0
1677876098.733314,1677876158.733314,4
1677876158.733314,1677876218.733314,0
1677876174.5593972,1677876234.5593972,11
1677876234.5593972,1677876294.5593972,0
1677876239.9909372,1677876299.9909372,7
1677876299.9909372,1677876359.9909372,0
1677876300.560956,1677876360.560956,5
1677876360.560956,1677876420.560956,0
1677876360.903453,1677876420.903453,12
1677876420.903453,1677876480.903453,0
1677876423.2912452,1677876483.2912452,17
1677876483.2912452,1677876543.2912452,0
1677876485.6737716,1677876545.6737716,7
1677876545.6737716,1677876605.6737716,0
1677876548.5565352,1677876608.5565352,6
1677876608.5565352,1677876668.5565352,0
1677876668.5565352,1677876728.5565352,0
1677876728.5565352,1677876788.5565352,0
1677876788.5565352,1677876848.5565352,0
1677876848.5565352,1677876908.5565352,0
1677876908.5565352,1677876968.5565352,0
1677876968.5565352,1677877028.5565352,0
1677877028.5565352,1677877088.5565352,0
1677877088.5565352,1677877148.5565352,0
1677877148.5565352,1677877208.5565352,0
1677877208.5565352,1677877268.5565352,0
1677877268.5565352,1677877328.5565352,0
1677877305.7255826,1677877365.7255826,11
1677877365.7255826,1677877425.7255826,0
1677877377.8637526,1677877437.8637526,4
1677877437.8637526,1677877497.8637526,0
1677877442.3825586,1677877502.3825586,1
1677877502.3825586,1677877562.3825586,0
1677877554.137704,1677877614.137704,5
1677877614.137704,1677877674.137704,0
1677877618.445873,1677877678.445873,8
1677877678.445873,1677877738.445873,0
1677877681.783409,1677877741.783409,9
1677877741.783409,1677877801.783409,0
1677877743.498808,1677877803.498808,6
1677877803.498808,1677877863.498808,0
1677877806.1147068,1677877866.1147068,4
1677877866.1147068,1677877926.1147068,0
1677877870.836227,1677877930.836227,1
1677877930.836227,1677877990.836227,0
1677877932.5503447,1677877992.5503447,2
1677877992.5503447,1677878052.5503447,0
1677878009.4745388,1677878069.4745388,7
1677878069.4745388,1677878129.4745388,0
1677878072.009791,1677878132.009791,8
1677878132.009791,1677878192.009791,0
1677878139.862566,1677878199.862566,3
1677878199.862566,1677878259.862566,0
1677878206.458937,1677878266.458937,2
1677878266.458937,1677878326.458937,0
1677878268.173677,1677878328.173677,6
1677878328.173677,1677878388.173677,0
1677878340.79681,1677878400.79681,2
1677878400.79681,1677878460.79681,0
1677878415.4651718,1677878475.4651718,7
1677878475.4651718,1677878535.4651718,0
1677878522.602172,1677878582.602172,3
1677878582.602172,1677878642.602172,0
1677878584.4621837,1677878644.4621837,4
1677878644.4621837,1677878704.4621837,0
1677878660.876067,1677878720.876067,3
1677878720.876067,1677878780.876067,0
1677878744.406532,1677878804.406532,2
1677878804.406532,1677878864.406532,0
1677878827.056501,1677878887.056501,2
1677878887.056501,1677878947.056501,0
1677878904.346166,1677878964.346166,2
1677878964.346166,1677879024.346166,0
1677878988.6290488,1677879048.6290488,5
1677879048.6290488,1677879108.6290488,0
1677879066.098383,1677879126.098383,5
1677879126.098383,1677879186.098383,0
1677879130.820146,1677879190.820146,1
1677879190.820146,1677879250.820146,0
1677879197.877442,1677879257.877442,6
1677879257.877442,1677879317.877442,0
1677879270.8374581,1677879330.8374581,9
1677879330.8374581,1677879390.8374581,0
1677879340.474479,1677879400.474479,3
1677879400.474479,1677879460.474479,0
1677879408.956186,1677879468.956186,4
1677879468.956186,1677879528.956186,0
1677879483.446584,1677879543.446584,12
1677879543.446584,1677879603.446584,0
1677879547.767911,1677879607.767911,6
1677879607.767911,1677879667.767911,0
1677879618.5772,1677879678.5772,1
1677879678.5772,1677879738.5772,0
1677879684.570621,1677879744.570621,3
1677879744.570621,1677879804.570621,0
1677879755.9981568,1677879815.9981568,8
1677879815.9981568,1677879875.9981568,0
1677879828.364894,1677879888.364894,2
1677879888.364894,1677879948.364894,0
1677879899.1736307,1677879959.1736307,2
1677879959.1736307,1677880019.1736307,0
1677879960.029163,1677880020.029163,3
1677880020.029163,1677880080.029163,0
1677880032.10935,1677880092.10935,3
1677880092.10935,1677880152.10935,0
1677880096.5036,1677880156.5036,4
1677880156.5036,1677880216.5036,0
1677880173.4031987,1677880233.4031987,7
1677880233.4031987,1677880293.4031987,0
1677880240.2668839,1677880300.2668839,4
1677880300.2668839,1677880360.2668839,0
1677880306.51256,1677880366.51256,1
1677880366.51256,1677880426.51256,0
1677880377.696732,1677880437.696732,2
1677880437.696732,1677880497.696732,0
1677880438.648171,1677880498.648171,7
1677880498.648171,1677880558.648171,0
1677880498.8157737,1677880558.8157737,9
1677880558.8157737,1677880618.8157737,0
1677880566.555216,1677880626.555216,2
1677880626.555216,1677880686.555216,0
1677880642.513031,1677880702.513031,3
1677880702.513031,1677880762.513031,0
1677880710.830668,1677880770.830668,5
1677880770.830668,1677880830.830668,0
1677880776.6040108,1677880836.6040108,10
1677880836.6040108,1677880896.6040108,0
1677880852.9334168,1677880912.9334168,4
1677880912.9334168,1677880972.9334168,0
1677880920.398697,1677880980.398697,5
1677880980.398697,1677881040.398697,0
1677880990.5359757,1677881050.5359757,3
1677881050.5359757,1677881110.5359757,0
1677881053.888815,1677881113.888815,5
1677881113.888815,1677881173.888815,0
1677881131.48841,1677881191.48841,11
1677881191.48841,1677881251.48841,0
1677881195.142825,1677881255.142825,5
1677881255.142825,1677881315.142825,0
1677881256.3844788,1677881316.3844788,18
1677881316.3844788,1677881376.3844788,0
1677881322.8775089,1677881382.8775089,8
1677881382.8775089,1677881442.8775089,0
1677881382.961553,1677881442.961553,3
1677881442.961553,1677881502.961553,0
1677881482.898609,1677881542.898609,2
1677881542.898609,1677881602.898609,0
1677881550.4035738,1677881610.4035738,9
1677881610.4035738,1677881670.4035738,0
1677881611.810564,1677881671.810564,4
1677881671.810564,1677881731.810564,0
1677881682.590822,1677881742.590822,3
1677881742.590822,1677881802.590822,0
1677881772.313518,1677881832.313518,5
1677881832.313518,1677881892.313518,0
1677881844.415798,1677881904.415798,5
1677881904.415798,1677881964.415798,0
1677881916.092145,1677881976.092145,3
1677881976.092145,1677882036.092145,0
1677881986.540604,1677882046.540604,2
1677882046.540604,1677882106.540604,0
1677882054.4178867,1677882114.4178867,12
1677882114.4178867,1677882174.4178867,0
1677882117.41335,1677882177.41335,11
1677882177.41335,1677882237.41335,0
1677882178.9017367,1677882238.9017367,8
1677882238.9017367,1677882298.9017367,0
1677882241.909741,1677882301.909741,7
1677882301.909741,1677882361.909741,0
1677882322.5274358,1677882382.5274358,3
1677882382.5274358,1677882442.5274358,0
1677882440.621343,1677882500.621343,4
1677882500.621343,1677882560.621343,0
1677882516.405169,1677882576.405169,7
1677882576.405169,1677882636.405169,0
1677882582.806815,1677882642.806815,3
1677882642.806815,1677882702.806815,0
1677882649.3614008,1677882709.3614008,8
1677882709.3614008,1677882769.3614008,0
1677882720.818863,1677882780.818863,7
1677882780.818863,1677882840.818863,0
1677882784.5329869,1677882844.5329869,5
1677882844.5329869,1677882904.5329869,0
1677882848.018561,1677882908.018561,4
1677882908.018561,1677882968.018561,0
1677882911.4762228,1677882971.4762228,9
1677882971.4762228,1677883031.4762228,0
1677882975.4023228,1677883035.4023228,7
1677883035.4023228,1677883095.4023228,0
1677883044.2468138,1677883104.2468138,4
1677883104.2468138,1677883164.2468138,0
1677883104.4139638,1677883164.4139638,2
1677883164.4139638,1677883224.4139638,0
1677883169.1934369,1677883229.1934369,1
1677883229.1934369,1677883289.1934369,0
1677883238.480154,1677883298.480154,2
1677883298.480154,1677883358.480154,0
1677883311.230917,1677883371.230917,4
1677883371.230917,1677883431.230917,0
1677883372.9350798,1677883432.9350798,6
1677883432.9350798,1677883492.9350798,0
1677883440.4149559,1677883500.4149559,5
1677883500.4149559,1677883560.4149559,0
1677883530.701072,1677883590.701072,4
1677883590.701072,1677883650.701072,0
1677883608.443026,1677883668.443026,3
1677883668.443026,1677883728.443026,0
1677883675.046135,1677883735.046135,5
1677883735.046135,1677883795.046135,0
1677883742.510343,1677883802.510343,5
1677883802.510343,1677883862.510343,0
1677883817.2677228,1677883877.2677228,6
1677883877.2677228,1677883937.2677228,0
1677883884.6124268,1677883944.6124268,6
1677883944.6124268,1677884004.6124268,0
1677883945.2609568,1677884005.2609568,7
1677884005.2609568,1677884065.2609568,0
1677884007.007822,1677884067.007822,8
1677884067.007822,1677884127.007822,0
1677884070.4403927,1677884130.4403927,4
1677884130.4403927,1677884190.4403927,0
1677884133.0371559,1677884193.0371559,4
1677884193.0371559,1677884253.0371559,0
1677884196.453029,1677884256.453029,3
1677884256.453029,1677884316.453029,0
1677884267.831415,1677884327.831415,4
1677884327.831415,1677884387.831415,0
1677884330.4992948,1677884390.4992948,2
1677884390.4992948,1677884450.4992948,0
1677884393.768178,1677884453.768178,9
1677884453.768178,1677884513.768178,0
1677884465.082383,1677884525.082383,2
1677884525.082383,1677884585.082383,0
1677884532.4381158,1677884592.4381158,5
1677884592.4381158,1677884652.4381158,0
1677884618.5745869,1677884678.5745869,3
1677884678.5745869,1677884738.5745869,0
1677884682.6458988,1677884742.6458988,2
1677884742.6458988,1677884802.6458988,0
1677884792.8092358,1677884852.8092358,2
1677884852.8092358,1677884912.8092358,0
1677884854.113035,1677884914.113035,4
1677884914.113035,1677884974.113035,0
1677884922.1488118,1677884982.1488118,8
1677884982.1488118,1677885042.1488118,0
1677884984.316953,1677885044.316953,4
1677885044.316953,1677885104.316953,0
1677885044.3624218,1677885104.3624218,6
1677885104.3624218,1677885164.3624218,0
1677885120.495026,1677885180.495026,5
1677885180.495026,1677885240.495026,0
1677885186.6354659,1677885246.6354659,3
1677885246.6354659,1677885306.6354659,0
1677885252.336986,1677885312.336986,8
1677885312.336986,1677885372.336986,0
1677885312.654754,1677885372.654754,10
1677885372.654754,1677885432.654754,0
1677885377.0995839,1677885437.0995839,7
1677885437.0995839,1677885497.0995839,0
1677885438.637976,1677885498.637976,6
1677885498.637976,1677885558.637976,0
1677885506.538172,1677885566.538172,5
1677885566.538172,1677885626.538172,0
1677885577.480848,1677885637.480848,4
1677885637.480848,1677885697.480848,0
1677885640.600142,1677885700.600142,5
1677885700.600142,1677885760.600142,0
1677885711.478352,1677885771.478352,4
1677885771.478352,1677885831.478352,0
1677885774.663977,1677885834.663977,3
1677885834.663977,1677885894.663977,0
1677885843.6528187,1677885903.6528187,2
1677885903.6528187,1677885963.6528187,0
1677885906.980593,1677885966.980593,6
1677885966.980593,1677886026.980593,0
1677885967.5682127,1677886027.5682127,3
1677886027.5682127,1677886087.5682127,0
1677886032.198118,1677886092.198118,6
1677886092.198118,1677886152.198118,0
1677886094.548909,1677886154.548909,3
1677886154.548909,1677886214.548909,0
1677886165.465056,1677886225.465056,10
1677886225.465056,1677886285.465056,0
1677886228.5911808,1677886288.5911808,3
1677886288.5911808,1677886348.5911808,0
1677886296.4680018,1677886356.4680018,8
1677886356.4680018,1677886416.4680018,0
1677886362.652507,1677886422.652507,1
1677886422.652507,1677886482.652507,0
1677886430.5336418,1677886490.5336418,3
1677886490.5336418,1677886550.5336418,0
1677886501.3070388,1677886561.3070388,3
1677886561.3070388,1677886621.3070388,0
1677886572.668069,1677886632.668069,4
1677886632.668069,1677886692.668069,0
1677886634.91192,1677886694.91192,3
1677886694.91192,1677886754.91192,0
1677886697.1334188,1677886757.1334188,4
1677886757.1334188,1677886817.1334188,0
1677886758.475127,1677886818.475127,1
1677886818.475127,1677886878.475127,0
1677886833.291489,1677886893.291489,5
1677886893.291489,1677886953.291489,0
1677886900.6032078,1677886960.6032078,4
1677886960.6032078,1677887020.6032078,0
1677886984.913003,1677887044.913003,3
1677887044.913003,1677887104.913003,0
1677887052.4810429,1677887112.4810429,4
1677887112.4810429,1677887172.4810429,0
1677887133.253208,1677887193.253208,2
1677887193.253208,1677887253.253208,0
1677887194.6362858,1677887254.6362858,4
1677887254.6362858,1677887314.6362858,0
1677887287.1521049,1677887347.1521049,6
1677887347.1521049,1677887407.1521049,0
1677887354.549159,1677887414.549159,4
1677887414.549159,1677887474.549159,0
1677887416.2414129,1677887476.2414129,4
1677887476.2414129,1677887536.2414129,0
1677887480.5811718,1677887540.5811718,2
1677887540.5811718,1677887600.5811718,0
1677887556.488784,1677887616.488784,2
1677887616.488784,1677887676.488784,0
1677887622.693167,1677887682.693167,2
1677887682.693167,1677887742.693167,0
1677887690.5750067,1677887750.5750067,3
1677887750.5750067,1677887810.5750067,0
1677887771.6575139,1677887831.6575139,4
1677887831.6575139,1677887891.6575139,0
1677887850.5139399,1677887910.5139399,1
1677887910.5139399,1677887970.5139399,0
1677887917.164657,1677887977.164657,3
1677887977.164657,1677888037.164657,0
1677887984.5850708,1677888044.5850708,4
1677888044.5850708,1677888104.5850708,0
1677888104.5850708,1677888164.5850708,0
1677888109.562788,1677888169.562788,8
1677888169.562788,1677888229.562788,0
1677888186.521285,1677888246.521285,3
1677888246.521285,1677888306.521285,0
1677888252.684603,1677888312.684603,2
1677888312.684603,1677888372.684603,0
1677888320.5652828,1677888380.5652828,8
1677888380.5652828,1677888440.5652828,0
1677888395.5741007,1677888455.5741007,8
1677888455.5741007,1677888515.5741007,0
1677888462.688196,1677888522.688196,4
1677888522.688196,1677888582.688196,0
1677888547.090519,1677888607.090519,2
1677888607.090519,1677888667.090519,0
1677888614.5905797,1677888674.5905797,4
1677888674.5905797,1677888734.5905797,0
1677888702.773202,1677888762.773202,4
1677888762.773202,1677888822.773202,0
1677888774.509329,1677888834.509329,1
1677888834.509329,1677888894.509329,0
1677888855.673122,1677888915.673122,4
1677888915.673122,1677888975.673122,0
1677888916.6368039,1677888976.6368039,2
1677888976.6368039,1677889036.6368039,0
1677889004.1164029,1677889064.1164029,4
1677889064.1164029,1677889124.1164029,0
1677889068.515292,1677889128.515292,3
1677889128.515292,1677889188.515292,0
1677889173.9273357,1677889233.9273357,10
1677889233.9273357,1677889293.9273357,0
1677889238.344186,1677889298.344186,13
1677889298.344186,1677889358.344186,0
1677889309.303576,1677889369.303576,7
1677889369.303576,1677889429.303576,0
1677889370.5826128,1677889430.5826128,4
1677889430.5826128,1677889490.5826128,0
1677889430.7157428,1677889490.7157428,10
1677889490.7157428,1677889550.7157428,0
1677889499.645519,1677889559.645519,4
1677889559.645519,1677889619.645519,0
1677889580.608141,1677889640.608141,3
1677889640.608141,1677889700.608141,0
1677889648.269885,1677889708.269885,2
1677889708.269885,1677889768.269885,0
1677889714.654962,1677889774.654962,6
1677889774.654962,1677889834.654962,0
1677889779.43569,1677889839.43569,5
1677889839.43569,1677889899.43569,0
1677889848.7109149,1677889908.7109149,2
1677889908.7109149,1677889968.7109149,0
1677889916.613108,1677889976.613108,5
1677889976.613108,1677890036.613108,0
1677889992.544152,1677890052.544152,2
1677890052.544152,1677890112.544152,0
1677890058.739901,1677890118.739901,5
1677890118.739901,1677890178.739901,0
1677890127.0501568,1677890187.0501568,3
1677890187.0501568,1677890247.0501568,0
1677890202.536192,1677890262.536192,3
1677890262.536192,1677890322.536192,0
1677890310.734341,1677890370.734341,2
1677890370.734341,1677890430.734341,0
1677890378.6005418,1677890438.6005418,5
1677890438.6005418,1677890498.6005418,0
1677890454.8577278,1677890514.8577278,2
1677890514.8577278,1677890574.8577278,0
1677890538.558212,1677890598.558212,7
1677890598.558212,1677890658.558212,0
1677890604.7278728,1677890664.7278728,6
1677890664.7278728,1677890724.7278728,0
1677890672.625554,1677890732.625554,3
1677890732.625554,1677890792.625554,0
1677890733.522709,1677890793.522709,4
1677890793.522709,1677890853.522709,0
1677890806.6859229,1677890866.6859229,1
1677890866.6859229,1677890926.6859229,0
1677890871.21787,1677890931.21787,4
1677890931.21787,1677890991.21787,0
1677890932.6754138,1677890992.6754138,5
1677890992.6754138,1677891052.6754138,0
1677891000.5468938,1677891060.5468938,3
1677891060.5468938,1677891120.5468938,0
1677891063.9894848,1677891123.9894848,4
1677891123.9894848,1677891183.9894848,0
1677891134.636673,1677891194.636673,1
1677891194.636673,1677891254.636673,0
1677891198.9701679,1677891258.9701679,2
1677891258.9701679,1677891318.9701679,0
1677891260.6174378,1677891320.6174378,5
1677891320.6174378,1677891380.6174378,0
1677891331.065884,1677891391.065884,4
1677891391.065884,1677891451.065884,0
1677891394.701603,1677891454.701603,5
1677891454.701603,1677891514.701603,0
1677891462.5530639,1677891522.5530639,4
1677891522.5530639,1677891582.5530639,0
1677891529.2268078,1677891589.2268078,1
1677891589.2268078,1677891649.2268078,0
1677891596.61965,1677891656.61965,2
1677891656.61965,1677891716.61965,0
1677891659.120972,1677891719.120972,7
1677891719.120972,1677891779.120972,0
1677891719.667431,1677891779.667431,4
1677891779.667431,1677891839.667431,0
1677891780.7451277,1677891840.7451277,3
1677891840.7451277,1677891900.7451277,0
1677891864.7436068,1677891924.7436068,1
1677891924.7436068,1677891984.7436068,0
1677891933.607942,1677891993.607942,3
1677891993.607942,1677892053.607942,0
1677892012.447879,1677892072.447879,3
1677892072.447879,1677892132.447879,0
1677892092.5669339,1677892152.5669339,2
1677892152.5669339,1677892212.5669339,0
1677892159.1608717,1677892219.1608717,5
1677892219.1608717,1677892279.1608717,0
1677892226.6501899,1677892286.6501899,3
1677892286.6501899,1677892346.6501899,0
1677892299.6784399,1677892359.6784399,2
1677892359.6784399,1677892419.6784399,0
1677892360.7114978,1677892420.7114978,3
1677892420.7114978,1677892480.7114978,0
1677892428.6046298,1677892488.6046298,2
1677892488.6046298,1677892548.6046298,0
1677892494.7538538,1677892554.7538538,3
1677892554.7538538,1677892614.7538538,0
1677892562.6567237,1677892622.6567237,3
1677892622.6567237,1677892682.6567237,0
1677892646.99002,1677892706.99002,2
1677892706.99002,1677892766.99002,0
1677892715.01203,1677892775.01203,4
1677892775.01203,1677892835.01203,0
1677892789.190512,1677892849.190512,2
1677892849.190512,1677892909.190512,0
1677892856.6409628,1677892916.6409628,1
1677892916.6409628,1677892976.6409628,0
1677892922.373735,1677892982.373735,2
1677892982.373735,1677893042.373735,0
1677892982.667429,1677893042.667429,4
1677893042.667429,1677893102.667429,0
1677893102.667429,1677893162.667429,0
1677893103.3159127,1677893163.3159127,5
1677893163.3159127,1677893223.3159127,0
1677893166.785007,1677893226.785007,3
1677893226.785007,1677893286.785007,0
1677893230.867463,1677893290.867463,3
1677893290.867463,1677893350.867463,0
1677893301.781807,1677893361.781807,8
1677893361.781807,1677893421.781807,0
1677893389.48197,1677893449.48197,4
1677893449.48197,1677893509.48197,0
1677893452.7371,1677893512.7371,3
1677893512.7371,1677893572.7371,0
1677893525.8204389,1677893585.8204389,3
1677893585.8204389,1677893645.8204389,0
1677893586.801996,1677893646.801996,7
1677893646.801996,1677893706.801996,0
1677893654.655041,1677893714.655041,3
1677893714.655041,1677893774.655041,0
1677893719.786552,1677893779.786552,7
1677893779.786552,1677893839.786552,0
1677893780.67883,1677893840.67883,2
1677893840.67883,1677893900.67883,0
1677893866.269575,1677893926.269575,5
1677893926.269575,1677893986.269575,0
1677893929.490715,1677893989.490715,4
1677893989.490715,1677894049.490715,0
1677893990.6803758,1677894050.6803758,3
1677894050.6803758,1677894110.6803758,0
1677894066.89995,1677894126.89995,3
1677894126.89995,1677894186.89995,0
1677894129.517201,1677894189.517201,4
1677894189.517201,1677894249.517201,0
1677894209.1888628,1677894269.1888628,7
1677894269.1888628,1677894329.1888628,0
1677894276.60197,1677894336.60197,4
1677894336.60197,1677894396.60197,0
1677894353.8513908,1677894413.8513908,4
1677894413.8513908,1677894473.8513908,0
1677894417.98906,1677894477.98906,4
1677894477.98906,1677894537.98906,0
1677894487.3868158,1677894547.3868158,11
1677894547.3868158,1677894607.3868158,0
1677894552.8172998,1677894612.8172998,4
1677894612.8172998,1677894672.8172998,0
1677894620.6757529,1677894680.6757529,3
1677894680.6757529,1677894740.6757529,0
1677894696.891686,1677894756.891686,5
1677894756.891686,1677894816.891686,0
1677894762.8118489,1677894822.8118489,2
1677894822.8118489,1677894882.8118489,0
1677894839.081724,1677894899.081724,4
1677894899.081724,1677894959.081724,0
1677894906.637781,1677894966.637781,3
1677894966.637781,1677895026.637781,0
1677894969.8741848,1677895029.8741848,3
1677895029.8741848,1677895089.8741848,0
1677895032.612092,1677895092.612092,3
1677895092.612092,1677895152.612092,0
1677895105.191727,1677895165.191727,2
1677895165.191727,1677895225.191727,0
1677895174.758412,1677895234.758412,2
1677895234.758412,1677895294.758412,0
1677895236.028858,1677895296.028858,4
1677895296.028858,1677895356.028858,0
1677895315.202895,1677895375.202895,4
1677895375.202895,1677895435.202895,0
1677895379.335037,1677895439.335037,3
1677895439.335037,1677895499.335037,0
1677895469.0194438,1677895529.0194438,1
1677895529.0194438,1677895589.0194438,0
1677895536.6406379,1677895596.6406379,3
1677895596.6406379,1677895656.6406379,0
1677895609.2684498,1677895669.2684498,7
1677895669.2684498,1677895729.2684498,0
1677895670.7099278,1677895730.7099278,2
1677895730.7099278,1677895790.7099278,0
1677895733.8336618,1677895793.8336618,5
1677895793.8336618,1677895853.8336618,0
1677895793.86906,1677895853.86906,3
1677895853.86906,1677895913.86906,0
1677895853.907084,1677895913.907084,4
1677895913.907084,1677895973.907084,0
1677895931.229905,1677895991.229905,4
1677895991.229905,1677896051.229905,0
1677895998.629196,1677896058.629196,3
1677896058.629196,1677896118.629196,0
1677896077.953506,1677896137.953506,3
1677896137.953506,1677896197.953506,0
1677896147.319552,1677896207.319552,3
1677896207.319552,1677896267.319552,0
1677896226.5806968,1677896286.5806968,3
1677896286.5806968,1677896346.5806968,0
1677896292.6375139,1677896352.6375139,7
1677896352.6375139,1677896412.6375139,0
1677896373.907449,1677896433.907449,8
1677896433.907449,1677896493.907449,0
1677896433.940245,1677896493.940245,5
1677896493.940245,1677896553.940245,0
1677896502.656081,1677896562.656081,2
1677896562.656081,1677896622.656081,0
1677896568.821114,1677896628.821114,3
1677896628.821114,1677896688.821114,0
1677896631.942746,1677896691.942746,5
1677896691.942746,1677896751.942746,0
1677896715.058441,1677896775.058441,8
1677896775.058441,1677896835.058441,0
1677896778.8544838,1677896838.8544838,1
1677896838.8544838,1677896898.8544838,0
1677896862.402158,1677896922.402158,4
1677896922.402158,1677896982.402158,0
1677896922.648772,1677896982.648772,3
1677896982.648772,1677897042.648772,0
1677896990.331727,1677897050.331727,4
1677897050.331727,1677897110.331727,0
1677897064.7696018,1677897124.7696018,2
1677897124.7696018,1677897184.7696018,0
1677897132.6466448,1677897192.6466448,3
1677897192.6466448,1677897252.6466448,0
1677897198.831266,1677897258.831266,4
1677897258.831266,1677897318.831266,0
1677897266.712427,1677897326.712427,3
1677897326.712427,1677897386.712427,0
1677897351.238276,1677897411.238276,4
1677897411.238276,1677897471.238276,0
1677897426.6483278,1677897486.6483278,3
1677897486.6483278,1677897546.6483278,0
1677897493.354918,1677897553.354918,3
1677897553.354918,1677897613.354918,0
1677897560.7179308,1677897620.7179308,1
1677897620.7179308,1677897680.7179308,0
1677897634.321775,1677897694.321775,4
1677897694.321775,1677897754.321775,0
1677897694.801042,1677897754.801042,1
1677897754.801042,1677897814.801042,0
1677897762.6565018,1677897822.6565018,4
1677897822.6565018,1677897882.6565018,0
1677897828.863963,1677897888.863963,3
1677897888.863963,1677897948.863963,0
1677897892.070366,1677897952.070366,3
1677897952.070366,1677898012.070366,0
1677897961.1936429,1677898021.1936429,2
1677898021.1936429,1677898081.1936429,0
1677898022.748764,1677898082.748764,4
1677898082.748764,1677898142.748764,0
1677898112.006128,1677898172.006128,3
1677898172.006128,1677898232.006128,0
1677898185.1270168,1677898245.1270168,4
1677898245.1270168,1677898305.1270168,0
1677898265.110731,1677898325.110731,5
1677898325.110731,1677898385.110731,0
1677898350.672946,1677898410.672946,3
1677898410.672946,1677898470.672946,0
1677898413.7175038,1677898473.7175038,5
1677898473.7175038,1677898533.7175038,0
1677898476.6683748,1677898536.6683748,1
1677898536.6683748,1677898596.6683748,0
1677898545.467646,1677898605.467646,3
1677898605.467646,1677898665.467646,0
1677898618.794865,1677898678.794865,1
1677898678.794865,1677898738.794865,0
1677898686.6927059,1677898746.6927059,2
1677898746.6927059,1677898806.6927059,0
1677898751.7365558,1677898811.7365558,2
1677898811.7365558,1677898871.7365558,0
1677898819.1962268,1677898879.1962268,10
1677898879.1962268,1677898939.1962268,0
1677898908.5845218,1677898968.5845218,3
1677898968.5845218,1677899028.5845218,0
1677898980.6800148,1677899040.6800148,2
1677899040.6800148,1677899100.6800148,0
1677899053.470906,1677899113.470906,5
1677899113.470906,1677899173.470906,0
1677899114.764996,1677899174.764996,1
1677899174.764996,1677899234.764996,0
1677899196.922134,1677899256.922134,3
1677899256.922134,1677899316.922134,0
1677899265.3171859,1677899325.3171859,5
1677899325.3171859,1677899385.3171859,0
1677899330.021411,1677899390.021411,5
1677899390.021411,1677899450.021411,0
1677899391.118955,1677899451.118955,2
1677899451.118955,1677899511.118955,0
1677899457.6350179,1677899517.6350179,3
1677899517.6350179,1677899577.6350179,0
1677899521.6860378,1677899581.6860378,4
1677899581.6860378,1677899641.6860378,0
1677899592.880686,1677899652.880686,1
1677899652.880686,1677899712.880686,0
1677899658.9151778,1677899718.9151778,5
1677899718.9151778,1677899778.9151778,0
1677899736.692761,1677899796.692761,4
1677899796.692761,1677899856.692761,0
1677899841.239956,1677899901.239956,3
1677899901.239956,1677899961.239956,0
1677899904.6917648,1677899964.6917648,3
1677899964.6917648,1677900024.6917648,0
1677899972.461475,1677900032.461475,4
1677900032.461475,1677900092.461475,0
1677900038.7796679,1677900098.7796679,3
1677900098.7796679,1677900158.7796679,0
1677900114.695576,1677900174.695576,3
1677900174.695576,1677900234.695576,0
1677900180.907997,1677900240.907997,4
1677900240.907997,1677900300.907997,0
1677900242.4494908,1677900302.4494908,2
1677900302.4494908,1677900362.4494908,0
1677900322.353185,1677900382.353185,3
1677900382.353185,1677900442.353185,0
1677900382.845485,1677900442.845485,3
1677900442.845485,1677900502.845485,0
1677900463.896659,1677900523.896659,4
1677900523.896659,1677900583.896659,0
1677900528.828523,1677900588.828523,2
1677900588.828523,1677900648.828523,0
1677900623.415442,1677900683.415442,2
1677900683.415442,1677900743.415442,0
1677900684.889039,1677900744.889039,2
1677900744.889039,1677900804.889039,0
1677900782.4527798,1677900842.4527798,3
1677900842.4527798,1677900902.4527798,0
1677900844.853145,1677900904.853145,2
1677900904.853145,1677900964.853145,0
1677900922.7639568,1677900982.7639568,3
1677900982.7639568,1677901042.7639568,0
1677900993.564926,1677901053.564926,3
1677901053.564926,1677901113.564926,0
1677901054.835178,1677901114.835178,2
1677901114.835178,1677901174.835178,0
1677901121.6493948,1677901181.6493948,4
1677901181.6493948,1677901241.6493948,0
1677901206.715355,1677901266.715355,1
1677901266.715355,1677901326.715355,0
1677901270.4095168,1677901330.4095168,4
1677901330.4095168,1677901390.4095168,0
1677901340.775617,1677901400.775617,2
1677901400.775617,1677901460.775617,0
1677901428.830918,1677901488.830918,2
1677901488.830918,1677901548.830918,0
1677901493.6462018,1677901553.6462018,2
1677901553.6462018,1677901613.6462018,0
1677901570.8297157,1677901630.8297157,3
1677901630.8297157,1677901690.8297157,0
1677901634.8047688,1677901694.8047688,2
1677901694.8047688,1677901754.8047688,0
1677901735.233936,1677901795.233936,3
1677901795.233936,1677901855.233936,0
1677901802.8097858,1677901862.8097858,2
1677901862.8097858,1677901922.8097858,0
1677901895.2175808,1677901955.2175808,3
1677901955.2175808,1677902015.2175808,0
1677901962.727143,1677902022.727143,1
1677902022.727143,1677902082.727143,0
1677902055.283064,1677902115.283064,1
1677902115.283064,1677902175.283064,0
1677902125.8026369,1677902185.8026369,6
1677902185.8026369,1677902245.8026369,0
1677902197.434062,1677902257.434062,2
1677902257.434062,1677902317.434062,0
1677902264.812517,1677902324.812517,4
1677902324.812517,1677902384.812517,0
1677902342.1203928,1677902402.1203928,3
1677902402.1203928,1677902462.1203928,0
1677902406.246106,1677902466.246106,3
1677902466.246106,1677902526.246106,0
1677902466.761372,1677902526.761372,4
1677902526.761372,1677902586.761372,0
1677902532.91912,1677902592.91912,4
1677902592.91912,1677902652.91912,0
1677902608.880739,1677902668.880739,2
1677902668.880739,1677902728.880739,0
1677902672.5018358,1677902732.5018358,2
1677902732.5018358,1677902792.5018358,0
1677902734.715648,1677902794.715648,5
1677902794.715648,1677902854.715648,0
1677902807.506414,1677902867.506414,3
1677902867.506414,1677902927.506414,0
1677902868.947938,1677902928.947938,4
1677902928.947938,1677902988.947938,0
1677902936.822354,1677902996.822354,3
1677902996.822354,1677903056.822354,0
1677903012.9190388,1677903072.9190388,2
1677903072.9190388,1677903132.9190388,0
1677903078.932343,1677903138.932343,4
1677903138.932343,1677903198.932343,0
1677903145.75276,1677903205.75276,4
1677903205.75276,1677903265.75276,0
1677903222.748369,1677903282.748369,1
1677903282.748369,1677903342.748369,0
1677903306.634929,1677903366.634929,4
1677903366.634929,1677903426.634929,0
1677903372.9280849,1677903432.9280849,1
1677903432.9280849,1677903492.9280849,0
1677903457.4038908,1677903517.4038908,4
1677903517.4038908,1677903577.4038908,0
1677903519.6014879,1677903579.6014879,3
1677903579.6014879,1677903639.6014879,0
1677903598.367172,1677903658.367172,3
1677903658.367172,1677903718.367172,0
1677903658.877622,1677903718.877622,2
1677903718.877622,1677903778.877622,0
1677903753.137041,1677903813.137041,2
1677903813.137041,1677903873.137041,0
1677903817.208824,1677903877.208824,5
1677903877.208824,1677903937.208824,0
1677903881.3575547,1677903941.3575547,2
1677903941.3575547,1677904001.3575547,0
1677903945.1544638,1677904005.1544638,3
1677904005.1544638,1677904065.1544638,0
1677904020.7633169,1677904080.7633169,2
1677904080.7633169,1677904140.7633169,0
1677904087.246039,1677904147.246039,2
1677904147.246039,1677904207.246039,0
1677904154.8266659,1677904214.8266659,4
1677904214.8266659,1677904274.8266659,0
1677904230.05649,1677904290.05649,3
1677904290.05649,1677904350.05649,0
1677904296.972298,1677904356.972298,3
1677904356.972298,1677904416.972298,0
1677904393.375569,1677904453.375569,4
1677904453.375569,1677904513.375569,0
1677904456.9121308,1677904516.9121308,3
1677904516.9121308,1677904576.9121308,0
1677904522.550705,1677904582.550705,6
1677904582.550705,1677904642.550705,0
1677904582.892804,1677904642.892804,1
1677904642.892804,1677904702.892804,0
1677904649.40571,1677904709.40571,3
1677904709.40571,1677904769.40571,0
1677904713.705756,1677904773.705756,3
1677904773.705756,1677904833.705756,0
1677904776.792878,1677904836.792878,5
1677904836.792878,1677904896.792878,0
1677904877.286906,1677904937.286906,3
1677904937.286906,1677904997.286906,0
1677904944.776394,1677905004.776394,3
1677905004.776394,1677905064.776394,0
1677905033.240783,1677905093.240783,3
1677905093.240783,1677905153.240783,0
1677905094.9563968,1677905154.9563968,6
1677905154.9563968,1677905214.9563968,0
1677905212.9034448,1677905272.9034448,1
1677905272.9034448,1677905332.9034448,0
1677905280.8027828,1677905340.8027828,3
1677905340.8027828,1677905400.8027828,0
1677905347.2654428,1677905407.2654428,4
1677905407.2654428,1677905467.2654428,0
1677905414.873874,1677905474.873874,4
1677905474.873874,1677905534.873874,0
1677905484.965816,1677905544.965816,3
1677905544.965816,1677905604.965816,0
1677905546.6013727,1677905606.6013727,2
1677905606.6013727,1677905666.6013727,0
1677905612.41326,1677905672.41326,4
1677905672.41326,1677905732.41326,0
1677905674.953997,1677905734.953997,2
1677905734.953997,1677905794.953997,0
1677905741.9322658,1677905801.9322658,5
1677905801.9322658,1677905861.9322658,0
1677905806.0548348,1677905866.0548348,3
1677905866.0548348,1677905926.0548348,0
1677905868.7920969,1677905928.7920969,5
1677905928.7920969,1677905988.7920969,0
1677905947.561975,1677906007.561975,5
1677906007.561975,1677906067.561975,0
1677906010.9165318,1677906070.9165318,3
1677906070.9165318,1677906130.9165318,0
1677906071.166322,1677906131.166322,2
1677906131.166322,1677906191.166322,0
1677906137.287757,1677906197.287757,2
1677906197.287757,1677906257.287757,0
1677906204.816397,1677906264.816397,4
1677906264.816397,1677906324.816397,0
1677906269.1109638,1677906329.1109638,7
1677906329.1109638,1677906389.1109638,0
1677906330.800248,1677906390.800248,5
1677906390.800248,1677906450.800248,0
1677906392.752867,1677906452.752867,4
1677906452.752867,1677906512.752867,0
1677906457.32553,1677906517.32553,1
1677906517.32553,1677906577.32553,0
1677906523.0044048,1677906583.0044048,3
1677906583.0044048,1677906643.0044048,0
1677906607.048699,1677906667.048699,3
1677906667.048699,1677906727.048699,0
1677906674.8878717,1677906734.8878717,2
1677906734.8878717,1677906794.8878717,0
1677906737.939516,1677906797.939516,2
1677906797.939516,1677906857.939516,0
1677906800.8756468,1677906860.8756468,2
1677906860.8756468,1677906920.8756468,0
1677906869.38933,1677906929.38933,3
1677906929.38933,1677906989.38933,0
1677906934.932647,1677906994.932647,2
1677906994.932647,1677907054.932647,0
1677907002.809912,1677907062.809912,2
1677907062.809912,1677907122.809912,0
1677907074.982487,1677907134.982487,4
1677907134.982487,1677907194.982487,0
1677907136.8770158,1677907196.8770158,2
1677907196.8770158,1677907256.8770158,0
1677907210.4718268,1677907270.4718268,2
1677907270.4718268,1677907330.4718268,0
1677907270.9325678,1677907330.9325678,2
1677907330.9325678,1677907390.9325678,0
1677907338.835012,1677907398.835012,5
1677907398.835012,1677907458.835012,0
1677907405.019544,1677907465.019544,0
